Year,Brand,Model,Mileage,Price
2023,HONDA,ADV160,11459,"117,703"
2023,KAWASAKI,BARAKO 175 KICK,10082,"46,294"
2023,HONDA,CLICK 125i,11229,"57,516"
2024,HONDA,CLICK 125i,3185,"46,301"
2024,HONDA,CRF 150L,4878,"116,006"
2023,HONDA,Click160,10630,"69,897"
2023,HONDA,Click160,13141,"96,566"
2024,YAMAHA,MIO FAZZIO,9969,"73,238"
2024,YAMAHA,MIO FAZZIO,6089,"73,238"
2024,YAMAHA,MIO GEAR,8486,"62,741"
2024,YAMAHA,MIO I 125,,"40,544"
2024,YAMAHA,NMAX ABS,2371,"86,189"
2024,BENELLI,PANAREA,4115,"74,872"
2024,HONDA,PCX160 (CBS),,"82,952"
2024,HONDA,PCX160 (CBS),3325,"93,208"
2024,HONDA,RS 125 Fi,4637,"54,017"
2024,SUZUKI,Raider R 150 Carburetor,4000,"67,400"
2024,KAWASAKI,Rouser NS160,32,"78,682"
2023,HONDA,WAVE RSX (DRUM),7253,"52,243"
2023,HONDA,ADV160,3001,"134,783"
2024,HONDA,CLICK 125 (SPECIAL EDITION),4653,"67,406"
2023,HONDA,CLICK 125i,7653,"70,284"
2022,SUZUKI,GIXXER 150,27000,"60,246"
2023,YAMAHA,MIO AEROX S,8932,"60,333"
2023,YAMAHA,MIO FAZZIO,5267,"59,313"
2023,YAMAHA,MIO GEAR,8277,"33,971"
2024,YAMAHA,MIO GEAR,9425,"55,881"
2023,YAMAHA,MIO GEAR S (BJN3),14217,"40,939"
2022,YAMAHA,MIO I 125,38133,"34,194"
2023,YAMAHA,MIO I 125,9466,"44,615"
2023,KAWASAKI,ROUSER NS125 Fi,3503,"23,425"
2024,HONDA,RS 125 Fi,10588,"45,233"
2022,HONDA,RS 125 Fi,14963,"18,940"
2023,KAWASAKI,Rouser NS160,17251,"17,912"
2023,SUZUKI,SMASH 115 DRUM/SPOKES,6933,"29,894"
2024,SUZUKI, SMASH FI (SPOKES/DRUM),6372,"30,669"
2023,YAMAHA,SNIPER155,19210,"86,639"
2023,YAMAHA,SNIPER155,19062,"53,797"
2022,YAMAHA,SZ,,"22,008"
2023,TVS,TVS NTORQ 125 FI (STD),3446,"25,738"
2020,YAMAHA,YZF-R3,37972,"163,885"
2023,HONDA,AIR BLADE160,3584,"44,337"
2020,HONDA,Air Blade150,23286,"34,191"
2021,HONDA,Air Blade150,16491,"44,304"
2023,KAWASAKI,BARAKO 175 ELECTRIC,6031,"74,872"
2023,SUZUKI,BURGMAN STREET 125 EX,12222,"51,578"
2023,SUZUKI,BURGMAN STREET 125 EX,35778,"69,824"
2024,HONDA,CLICK 125 (SPECIAL EDITION) ,1775,"61,776"
2024,HONDA,CLICK 125 (SPECIAL EDITION) ,17248,"58,991"
2023,HONDA,CLICK 125i,17075,"59,676"
2023,HONDA,CLICK 125i,20936,"59,676"
2024,HONDA,CLICK 125i,14642,"66,307"
2023,HONDA,CLICK 125i,4539,"60,726"
2023,HONDA,CLICK 125i,35113,"59,676"
2023,KAWASAKI,CT100 w/ MCP,,"27,215"
2023,KAWASAKI,CT100B w/ MCP,23558,"38,117"
2023,KAWASAKI,CT125 w/ MCP,,"41,573"
2023,KAWASAKI,CT125 w/ MCP,,"37,416"
2023,HONDA,Click160,37154,"65,603"
2023,KYMCO,LIKE 125 ITALIA E3,6465,"42,246"
2023,YAMAHA,MIO AEROX S,17977,"104,537"
2023,YAMAHA,MIO GEAR,14341,"40,853"
2023,YAMAHA,MIO GEAR,16961,"58,627"
2022,YAMAHA,MIO GEAR S,19547,"60,726"
2024,YAMAHA,MIO SPORTY,7939,"47,953"
2022,YAMAHA,MIO SPORTY,4334,"53,028"
2023,YAMAHA,MIO SPORTY,3898,"39,407"
2023,YAMAHA,MIO SPORTY,14390,"44,408"
2023,YAMAHA,Mio Aerox,19164,"100,989"
2022,YAMAHA,Mio Gravis,14448,"45,745"
2022,HONDA,PCX160 (CBS) ,27059,"87,670"
2022,HONDA,PCX160 (CBS),14919,"92,569"
2023,HONDA,RS 125 Fi,8084,"39,275"
2023,YAMAHA,SNIPER155,14603,"89,770"
2024,HONDA,TMX 125A,320,"34,857"
2024,HONDA,TMX SUPREMO (TMXS2J),1650,"58,277"
2023,YAMAHA,YTX 125,9600,"43,580"
2023,CFMOTO,400NK,7626,"140,686"
2024,KAWASAKI,BARAKO 175 ELECTRIC,7001,"67,385"
2024,HONDA,BEAT (ACH110CBFR),3627,"56,520"
2024,HONDA, BEAT (ACH110CBFR3),1254,"57,298"
2023,HONDA,TMX 125A,11354,"32,817"
2024,HONDA,TMX 125A,570,"32,817"
2023,HONDA,TMX SUPREMO (TMXS2J),1805,"31,334"
2024,YAMAHA,YTX 125,547,"46,022"
2023,YAMAHA,YTX 125,,"30,358"
2024,KAWASAKI,CT100 w/ MCP,,"41,630"
2022,KAWASAKI,CT125 w/ MCP,,"38,660"
2023,YAMAHA,MIO AEROX S,16734,"101,224"
2023,YAMAHA,MIO I 125,,"33,755"
2023,SUZUKI,SMASH 115 DRUM/SPOKES,1085,"45,438"
2022,YAMAHA,SNIPER155R MONSTER,59009,"77,664"
2021,YAMAHA,YTX 125,,"12,916"
2024,KAWASAKI,BARAKO 175 ELECTRIC,2862,"54,223"
2022,KAWASAKI,BARAKO 175 ELECTRIC,29249,"45,795"
2022,HONDA,BEAT FI,7946,"23,855"
2022,HONDA,BEAT FI,51402,"44,383"
2023,HONDA,BEAT FI,38602,"45,005"
2022,SUZUKI,BURGMAN STREET,26000,"54,844"
2023,SUZUKI,BURGMAN STREET 125 EX,28929,"72,850"
2024,SUZUKI,BURGMAN STREET 125 EX,9520,"73,006"
2023,HONDA,CLICK 125i,19223,"41,250"
2023,HONDA,CLICK 125i,22828,"46,301"
2023,HONDA,CLICK 125i,20364,"56,918"
2023,HONDA,CLICK 125i,13401,"63,907"
2021,HONDA,CLICK 125i,36914,"54,844"
2023,HONDA,CLICK 125i,5302,"51,226"
2023,HONDA,CLICK 125i,9729,"56,918"
2023,HONDA,CLICK 125i,14480,"63,907"
2023,HONDA,CLICK 125i,27858,"57,954"
2023,HONDA,CLICK 125i,6090,"63,907"
2023,HONDA,CLICK 125i,32434,"56,918"
2020,HONDA,CLICK 125i-STD (CBS,35629,"37,226"
2023,KAWASAKI,CT125 w/ MCP,12643,"46,645"
2023,TVS,DAZZ 110 PRIME,10201,"47,648"
2022,KAWASAKI,Dominar400 UG,21000,"139,170"
2023,YAMAHA,MIO AEROX S,19000,"91,102"
2023,YAMAHA,MIO AEROX S,7730,"102,377"
2024,YAMAHA,MIO FAZZIO,3185,"73,238"
2023,YAMAHA,MIO GEAR,5504,"50,293"
2022,YAMAHA,MIO GEAR,,"49,049"
2024,YAMAHA,MIO GEAR,3452,"62,741"
2022,YAMAHA,MIO GEAR,,"53,462"
2023,YAMAHA,MIO GEAR S,7777,"42,998"
2023,YAMAHA,MIO GEAR S,,"53,403"
2023,YAMAHA,MIO GEAR S,9071,"53,403"
2023,YAMAHA,MIO GEAR S,15692,"59,966"
2023,YAMAHA,MIO GEAR S,4121,"66,629"
2023,YAMAHA,MIO I 125,7852,"44,615"
2023,YAMAHA,MIO I 125,3605,"55,417"
2022,YAMAHA,MIO I 125,15986,"25,488"
2023,YAMAHA,MIO I 125,18519,"35,075"
2023,YAMAHA,MIO I 125,12432,"39,752"
2024,YAMAHA,MIO I 125S,1606,"58,916"
2022,YAMAHA,Mio Aerox,15403,"84,810"
2023,YAMAHA,Mio Aerox,30951,"86,709"
2024,YAMAHA,Mio Aerox,3063,"96,645"
2022,YAMAHA,Mio Aerox,20774,"86,709"
2022,YAMAHA,Mio Gravis,45706,"63,138"
2022,YAMAHA,NMAX ABS,25516,"103,298"
2024,YAMAHA,NMAX ABS (w/ Y-Connect),2390,"108,605"
2022,HONDA,PCX160 (ABS),18863,"91,661"
2023,HONDA,PCX160 (CBS),15262,"94,608"
2023,HONDA, PCX160 (CBS) ,19753,"103,565"
2023,HONDA,PCX160 (CBS),12000,"92,169"
2023,KAWASAKI,ROUSER NS125 Fi,5515,"64,763"
2024,SUZUKI,Raider R 150 Carburetor,5397,"75,712"
2022,YAMAHA,SNIPER155,21444,"72,377"
2024,YAMAHA,SOUL I 125,674,"64,296"
2023,YAMAHA,SOUL I 125,,"30,053"
2024,HONDA,Supra GTR 150,755,"60,908"
2024,HONDA,TMX 125A,4164,"40,720"
2019,YAMAHA,YTX 125,,"12,771"
2022,YAMAHA,YTX 125,10417,"18,616"
2023,BAJAJ,Bajaj RE 4s FI,,"112,148"
2018,YAMAHA,YTX 125,19198,"13,331"
2022,BAJAJ,Bajaj RE 4s FI ,,"64,335"
2024,KAWASAKI,CT125 w/ MCP,5090,"47,811"
2023,HONDA,Click160,3462,"87,960"
2023,BAJAJ,MAXIMA Z-A,32668,"116,523"
2024,YAMAHA,MIO GEAR,5825,"62,741"
2023,YAMAHA,MIO GEAR,6477,"62,741"
2023,YAMAHA,MIO I 125,15222,"49,360"
2024,YAMAHA,MIO I 125,4153,"61,574"
2024,YAMAHA,MIO I 125,9489,"55,417"
2022,YAMAHA,Mio Aerox,19749,"84,810"
2022,YAMAHA,TFX 150 (BY62),22533,"67,965"
2023,SUZUKI,BURGMAN STREET,15384,"52,159"
2023,SUZUKI,BURGMAN STREET 125 EX,12764,"52,761"
2024,HONDA,BeAT Playful ,960,"51,218"
2024,HONDA,CLICK 125 (SPECIAL EDITION),4815,"66,240"
2023,HONDA,CLICK 125i,17276,"57,954"
2024,HONDA,CLICK 125i,5836,"63,907"
2023,HONDA,CLICK 125i,5581,"65,074"
2023,HONDA,CLICK 125i,9861,"52,159"
2023,HONDA,CLICK 125i,11869,"57,954"
2023,KAWASAKI,CT125 w/ MCP,10162,"46,645"
2024,KYMCO,LIKE 125 ITALIA E3,8084,"52,968"
2023,YAMAHA,MIO AEROX (B1W3/B1W6),37631,"39,618"
2024,YAMAHA,MIO I 125,9984,"62,741"
2023,YAMAHA,MIO I 125,12860,"55,417"
2024,YAMAHA,MIO I 125S,13248,"59,337"
2023,YAMAHA,MIO SOUL I 125S,11278,"66,240"
2023,YAMAHA,MIO SPORTY,5824,"54,153"
2023,YAMAHA,MIO SPORTY,8857,"53,667"
2023,YAMAHA,MT-15,3915,"94,920"
2022,YAMAHA,Mio Aerox,14589,"86,709"
2024,YAMAHA,Mio Aerox,11187,"76,840"
2023,YAMAHA,NMAX ABS,4364,"86,751"
2024,YAMAHA,NMAX ABS (w/ Y-Connect),4818,"77,785"
2023,HONDA,PCX160 (ABS),15447,"96,327"
2024,HONDA,PCX160 (CBS),2693,"94,538"
2023,KAWASAKI,Rouser RS200 ABS,6356,"105,526"
2024,SUZUKI,SMASH 115 DISC/MAGS,2562,"29,941"
2024,YAMAHA,SNIPER155,3728,"70,459"
2024,HONDA,TMX 125A,2306,"45,245"
2024,HONDA,TMX 125A,4744,"45,245"
2023,FEKON,3GP 300,10670,"123,861"
2024,HONDA,ADV160,2292,"130,781"
2024,SUZUKI,BURGMAN STREET 125 EX,14771,"74,016"
2024,HONDA,BeAT Premium,2697,"52,268"
2024,HONDA,CLICK 125 (SPECIAL EDITION) ,4346,"59,616"
2024,HONDA,CLICK 125 (SPECIAL EDITION),5631,"58,991"
2024,HONDA,CLICK 125 (STANDARD),7668,"57,886"
2024,HONDA,CLICK 125 (STANDARD),3853,"64,296"
2024,HONDA,CLICK 125 (STANDARD),2912,"64,296"
2023,HONDA,CLICK 125i,26459,"51,226"
2023,HONDA,CLICK 125i,10630,"57,263"
2023,HONDA,CLICK 125i,14247,"63,907"
2022,HONDA,CLICK 125i,15000,"19,545"
2024,HONDA,CLICK 125i,11544,"64,607"
2023,HONDA,CLICK 125i,41373,"56,918"
2021,HONDA,CLICK 125i,69481,"54,498"
2022,HONDA,CLICK 125i,13376,"62,741"
2022,KAWASAKI,Dominar400 UG,24472,"135,784"
2024,YAMAHA,MIO GEAR S,1248,"66,629"
2024,YAMAHA,MIO I 125S,13847,"50,556"
2024,YAMAHA,MIO I 125S,,"52,470"
2023,YAMAHA,MIO SPORTY,14352,"53,116"
2022,YAMAHA,Mio Aerox,21000,"88,562"
2023,YAMAHA,Mio Aerox,21476,"78,038"
2021,YAMAHA,NMAX,18459,"94,234"
2022,YAMAHA,NMAX ABS,15245,"105,876"
2023,YAMAHA,NMAX ABS,13000,"95,394"
2023,YAMAHA,NMAX ABS,25188,"105,993"
2022,HONDA,PCX160 (CBS),25712,"80,464"
2022,SUZUKI,Raider R 150 Carburetor,16410,"66,156"
2024,SUZUKI,SMASH FI (SPOKES/DRUM),741,"48,969"
2023,YAMAHA,SNIPER155,11609,"97,344"
2024,YAMAHA,SNIPER155,3549,"90,059"
2022,YAMAHA,SNIPER155,22443,"84,220"
2023,YAMAHA,SNIPER155R,9000,"91,823"
2023,YAMAHA,SNIPER155R,18418,"102,010"
2022,SUZUKI,Smash 115 Spoke (FW110D),21302,"41,711"
2023,CFMOTO,300NK,3855,"129,600"
2023,CFMOTO,300SR,4602,"84,973"
2023,SUZUKI,Avenis,10537,"64,063"
2022,SUZUKI,BURGMAN STREET,7014,"65,074"
2024,BAJAJ,Bajaj RE 4s FI,10814,"155,655"
2022,BAJAJ,Bajaj RE 4s FI,24135,"67,383"
2023,KTM,DUKE 200,4069,"139,413"
2024,BAJAJ,MAXIMA Z-A,2256,"168,783"
2022,YAMAHA,MIO AEROX S,19646,"98,390"
2023,YAMAHA,MT-15,18823,"139,413"
2021,YAMAHA,NMAX ABS,24939,"93,966"
2022,BENELLI,PANAREA,26449,"36,897"
2023,KAWASAKI,ROUSER NS200 ABS,9919,"65,094"
2023,SUZUKI,Raider R 150 Fi,7781,"83,874"
2023,YAMAHA,SNIPER155,6753,"97,733"
2022,YAMAHA,SNIPER155,21640,"84,220"
2024,YAMAHA,SNIPER155R,6119,"114,451"
2024,HONDA,XRM 125 MOTARD Fi,5076,"63,286"
2023,YAMAHA,YZF-R15M (ICON PERFORMANCE),23247,"96,213"
2022,HONDA,Air Blade150,52096,"80,488"
2023,BAJAJ,Bajaj RE 4s FI ,19974,"123,380"
2024,KAWASAKI,CT125 w/ MCP,2639,"43,380"
2022,KAWASAKI,Rouser RS200 ABS,78075,"89,235"
2024,HONDA,BEAT (ACH110CBFR3),1939,"60,098"
2022,SUZUKI,BURGMAN STREET,24337,"34,171"
2023,YAMAHA,NMAX ABS,16399,"77,727"
2023,SUZUKI,Raider R 150 Carburetor,17063,"61,085"
2020,YAMAHA,SOUL I 125,70269,"41,771"
2023,KAWASAKI,BARAKO 175 ELECTRIC,8928,"52,051"
2019,BAJAJ,Bajaj RE Fi,22508,"79,624"
2024,HONDA,CLICK 125i,8913,"70,984"
2023,KAWASAKI,CT 150 (Boxer) ,,"35,557"
2023,KAWASAKI,CT125 w/ MCP,1768,"44,016"
2022,BAJAJ,MAXIMA CARGO,2962,"75,453"
2023,YAMAHA,MIO I 125,27527,"40,933"
2021,YAMAHA,MIO SOUL I 125S,20404,"22,724"
2024,SUZUKI,Raider R 150 Carburetor,10016,"84,898"
2023,HONDA,XRM 125 DUAL SPORT EXTREME (CFT125MRJ),3889,"37,557"
2023,HONDA,XRM 125 DUAL SPORT Fi,11684,"52,268"
2022,YAMAHA,YZF-R15M (Anniversary White),44920,"121,272"
2024,KAWASAKI,BARAKO III DUAL START,2038,"79,149"
2023,HONDA,BEAT FI,11166,"57,171"
2024,HONDA,CLICK 125 (SPECIAL EDITION),16738,"58,991"
2024,HONDA, CLICK 125 (SPECIAL EDITION),8692,"59,616"
2024,HONDA,CLICK 125 (STANDARD),4312,"57,866"
2024,HONDA,CLICK 125 (STANDARD),4516,"64,296"
2024,HONDA,CLICK 125i,10222,"58,452"
2024,HONDA,CLICK 125i,4787,"57,516"
2023,HONDA,CLICK 125i,19400,"64,947"
2024,HONDA,CLICK 125i,13155,"63,907"
2023,HONDA,CLICK 125i,10996,"41,633"
2023,HONDA,CLICK 125i,4754,"46,301"
2023,HONDA,CLICK 125i,22911,"64,947"
2023,HONDA,CLICK 125i,17336,"57,516"
2023,HONDA,CLICK 125i,4575,"64,947"
2023,HONDA,CLICK 125i,15388,"58,452"
2023,HONDA,CLICK 125i,28241,"66,114"
2023,HONDA,CLICK 125i,6235,"59,502"
2024,HONDA,CLICK 125i,7283,"58,452"
2023,HONDA,CLICK 125i,16453,"64,947"
2023,HONDA,CLICK 125i,12058,"58,452"
2023,HONDA,CLICK 125i,19506,"58,452"
2024,HONDA,Click160,17758,"77,353"
2023,HONDA,Click160,18751,"87,846"
2024,YAMAHA,MIO I 125,2831,"45,499"
2024,YAMAHA,MIO I 125,15341,"62,741"
2023,YAMAHA,MIO I 125,12175,"62,614"
2023,YAMAHA,MIO I 125S,19015,"47,424"
2022,YAMAHA,MIO I 125S,10769,"41,750"
2023,YAMAHA,Mio Aerox,,"97,422"
2023,YAMAHA,NMAX ABS,14012,"120,157"
2023,YAMAHA,NMAX ABS,9203,"120,157"
2022,HONDA,PCX160 (ABS) ,2442,"99,743"
2024,HONDA,PCX160 (ABS) ,9544,"70,113"
2022,HONDA,PCX160 (ABS) ,25956,"69,650"
2023,HONDA,PCX160 (ABS) ,7447,"118,602"
2023,SUZUKI,Raider R 150 Carburetor,30102,"75,599"
2023,SUZUKI,Raider R 150 Fi,19857,"84,696"
2024,SUZUKI,Raider R 150 Fi,2166,"69,095"
2023,SUZUKI,Raider R 150 Fi,6954,"93,067"
2022,YAMAHA,SNIPER155,8025,"42,318"
2023,YAMAHA,SNIPER155,12266,"77,975"
2023,YAMAHA,SNIPER155R,20559,"103,050"
2023,HONDA,TMX 125A,,"28,248"
2023,HONDA,TMX 125A,10973,"46,285"
2023,HONDA,BEAT FI,17453,"51,598"
2023,HONDA,CLICK 125i,8724,"58,596"
2023,HONDA,CLICK 125i,11488,"48,001"
2023,HONDA,CLICK 125i,28953,"58,596"
2023,HONDA,CLICK 125i,8179,"57,516"
2023,YAMAHA,MIO FAZZIO,9935,"66,995"
2023,YAMAHA,MIO I 125,9101,"45,458"
2022,YAMAHA,MIO SPORTY,5725,"51,948"
2024,SUZUKI,Raider R 150 Fi,2663,"94,234"
2023,HONDA,TMX 125A,24239,"29,265"
2023,HONDA,TMX 125A,13527,"32,486"
2023,HONDA,TMX 125A,6223,"28,426"
2022,SUZUKI,Avenis,20120,"40,501"
2023,SUZUKI,Avenis,20379,"55,881"
2023,HONDA,CLICK 125i,17306,"65,851"
2023,HONDA,CLICK 125i,21884,"57,516"
2023,KYMCO,LIKE 125 ITALIA E3,6021,"33,051"
2022,YAMAHA,MIO GEAR,,"36,474"
2023,YAMAHA,MIO GEAR,17651,"39,503"
2024,YAMAHA,MIO GRAVIS (W/ Y-CONNECT),3120,"75,182"
2023,YAMAHA,MIO SOUL I 125S,9852,"37,720"
2024,SUZUKI,Raider R 150 Fi,10662,"83,874"
2022,SUZUKI,SKYDRIVE CROSSOVER,12549,"47,493"
2022,YAMAHA,SZ,13612,"37,505"
2023,SUZUKI,Avenis,24875,"28,768"
2023,SUZUKI,BURGMAN STREET,23640,"59,616"
2022,SUZUKI,BURGMAN STREET,14433,"20,963"
2023,BAJAJ,Bajaj RE 4s FI ,5343,"154,100"
2024,HONDA,CLICK 125 (STANDARD),6032,"58,300"
2023,HONDA,CLICK 125i,7748,"41,753"
2022,KAWASAKI,CT125 w/ MCP,,"28,666"
2024,HONDA,Click160,5230,"70,917"
2023,YAMAHA,MIO I 125,8311,"45,635"
2022,YAMAHA,MIO I 125,6471,"44,511"
2023,YAMAHA,MIO SPORTY,7280,"39,876"
2022,BENELLI,MOTOBI EVO 200,3472,"58,534"
2023,BENELLI,PANAREA,8463,"36,897"
2023,HONDA,PCX160 (CBS),27008,"77,097"
2022,KAWASAKI,ROUSER NS125 Fi,13412,"27,089"
2020,KYMCO,SUPER 8 150 EURO 3,,"20,235"
2021,HONDA,TMX SUPREMO (TMXS2J),,"19,632"
2024,KAWASAKI,KLX 150,1454,"76,639"
2023,YAMAHA,MIO FAZZIO,7807,"68,744"
2022,YAMAHA,MIO GEAR,,"55,097"
2023,YAMAHA,MIO GEAR,17743,"40,710"
2023,YAMAHA,MIO GEAR,7948,"57,547"
2021,SUZUKI,Raider R 150 Fi,10079,"78,892"
2024,CFMOTO,450SR,373,"234,202"
2024,HONDA,BEAT (ACH110CBFR3),6808,"37,006"
2023,HONDA,BEAT FI,16858,"50,006"
2023,HONDA,CLICK 125i,17664,"63,907"
2023,HONDA,CLICK 125i,3036,"27,611"
2024,HONDA,CLICK 125i,18575,"46,301"
2022,HONDA,CLICK 125i,22721,"50,604"
2023,HONDA,CLICK 125i,15399,"55,891"
2022,HONDA,CLICK 125i,22801,"55,881"
2023,HONDA,CLICK 125i,3279,"63,907"
2023,HONDA,CLICK 125i,12902,"64,607"
2023,HONDA,CLICK 125i,17008,"64,607"
2023,HONDA,CLICK 125i,2496,"63,907"
2023,HONDA,Click160,12950,"69,897"
2023,YAMAHA,MIO AEROX S,3988,"102,377"
2023,YAMAHA,MIO FAZZIO,13312,"53,042"
2023,YAMAHA,MIO GEAR,5160,"62,741"
2024,YAMAHA,MIO GEAR,1628,"56,467"
2024,YAMAHA,MIO GEAR,6345,"56,467"
2022,YAMAHA,MIO GEAR S,20156,"42,000"
2023,YAMAHA,MIO I 125,18632,"44,615"
2023,YAMAHA,MIO I 125,13218,"39,752"
2021,YAMAHA,MIO I 125,25626,"45,938"
2024,YAMAHA,MIO I 125S,8591,"58,916"
2021,YAMAHA,MIO I 125S (B6B3),24222,"53,462"
2022,YAMAHA,MIO SPORTY,29803,"45,316"
2023,YAMAHA,MIO SPORTY,14121,"58,464"
2022,YAMAHA,MT-15,11966,"121,272"
2022,YAMAHA,Mio Aerox,22802,"84,810"
2022,YAMAHA,NMAX ABS,28000,"90,791"
2023,YAMAHA,NMAX ABS,3264,"86,189"
2022,YAMAHA,NMAX ABS,17843,"117,640"
2022,HONDA,PCX160 (ABS),21556,"119,117"
2023,SUZUKI, SMASH FI (SPOKES/DRUM),3902,"26,000"
2023,YAMAHA,SNIPER155,25030,"77,975"
2023,YAMAHA,SNIPER155R,5994,"90,786"
2023,HONDA,Supra GTR 150,11619,"74,889"
2023,HONDA,TMX 125A,9889,"45,245"
2023,HONDA,TMX 125A,4283,"36,296"
2023,HONDA,WAVE RSX (DISC),13016,"46,319"
2021,HONDA,TMX 125A,16127,"32,874"
2023,KAWASAKI,BARAKO III DUAL START,8116,"79,149"
2022,SUZUKI,BURGMAN STREET,6186,"62,352"
2023,HONDA,CLICK 125i,17288,"63,907"
2024,HONDA,CLICK 125i,8591,"63,907"
2023,HONDA,CLICK 125i,4948,"58,146"
2023,HONDA,CLICK 125i,16261,"58,566"
2023,HONDA,CLICK 125i,14088,"58,146"
2023,HONDA,CLICK 125i,16533,"47,986"
2022,HONDA,DIO,2734,"48,045"
2024,KTM,DUKE 200,6295,"85,881"
2023,SUZUKI,GIXXER 150,25131,"55,821"
2024,YAMAHA,MIO FAZZIO,4877,"67,286"
2023,YAMAHA,MIO GEAR,10930,"45,739"
2024,YAMAHA,MIO GEAR,12353,"56,467"
2023,YAMAHA,MIO GEAR S,15171,"37,940"
2022,YAMAHA,MIO GEAR S,489,"58,566"
2023,YAMAHA,MIO I 125S,11038,"58,916"
2024,YAMAHA,Mio Aerox,4049,"86,980"
2022,BENELLI,PANAREA,15009,"54,223"
2023,SUZUKI,Raider R 150 Fi,7558,"82,838"
2024,SUZUKI,Raider R 150 Fi,2000,"61,476"
2022,SUZUKI,SMASH 115 DISC/MAGS,43118,"46,204"
2022,YAMAHA,SNIPER155,9212,"94,622"
2023,YAMAHA,SNIPER155,7814,"97,344"
2024,YAMAHA,SNIPER155R,5000,"55,937"
2022,HONDA,TMX 125A,,"28,266"
2022,HONDA,TMX 125A,,"25,646"
2023,HONDA,TMX 125A,11501,"26,219"
2023,HONDA,TMX 125A,6868,"33,323"
2023,KAWASAKI,Z400 (Standard),4469,"185,308"
2022,HONDA,ADV160,24569,"129,226"
2023,HONDA,ADV160,22577,"117,703"
2024,HONDA,BEAT (ACH110CBFR3) ,5733,"41,525"
2024,HONDA,BEAT (ACH110CBFR3) ,4916,"57,298"
2023,HONDA,BEAT Fi ESP (CBS/ISS),7263,"55,713"
2024,HONDA,BeAT Premium,2041,"58,075"
2024,HONDA,CLICK 125 (SPECIAL EDITION),3913,"66,240"
2023,HONDA,CLICK 125i,11489,"63,907"
2023,HONDA,CLICK 125i,12971,"63,907"
2023,HONDA,CLICK 125i,13678,"63,907"
2024,HONDA,CLICK 125i,,"41,250"
2023,HONDA,CLICK 125i,8701,"29,570"
2023,HONDA,CLICK 125i,39314,"56,918"
2023,HONDA,Click160,11748,"69,897"
2023,YAMAHA,MIO FAZZIO,10969,"53,042"
2022,YAMAHA,MIO I 125,21822,"51,042"
2024,YAMAHA,Mio Aerox,2355,"88,030"
2022,YAMAHA,Mio Aerox,33003,"86,709"
2023,YAMAHA,Mio Aerox,7076,"88,730"
2021,YAMAHA,NMAX ABS,37618,"100,878"
2023,YAMAHA,NMAX ABS,20000,"105,993"
2023,YAMAHA,NMAX ABS,24962,"76,707"
2024,HONDA,PCX160 (ABS) ,8962,"118,856"
2023,HONDA,PCX160 (ABS),8990,"119,117"
2024,HONDA, PCX160 (CBS) ,4222,"103,565"
2022,HONDA,PCX160 (CBS),28389,"72,706"
2023,VESPA,Primavera Special Edition,36,"156,226"
2023,SUZUKI,Raider R 150 Fi,12712,"74,554"
2023,YAMAHA,SNIPER155,36607,"86,639"
2023,YAMAHA,SNIPER155,27733,"87,676"
2023,YAMAHA,SNIPER155R,6941,"102,010"
2023,HONDA,Supra GTR 150,6614,"84,125"
2024,HONDA,TMX 125A,2049,"32,817"
2024,HONDA,CLICK 125 (ACB125CBFR3),11463,"48,491"
2024,HONDA,CLICK 125 (STANDARD),6161,"60,250"
2021,HONDA,CLICK 125i,32397,"32,532"
2023,SUZUKI,Raider R 150 Carburetor,7769,"53,485"
2023,KAWASAKI,CT125 w/ MCP,22512,"33,510"
2022,YAMAHA,MIO I 125,9441,"38,026"
2023,YAMAHA,MIO I 125,14386,"47,424"
2024,YAMAHA,MIO I 125,7547,"54,844"
2021,YAMAHA,NMAX,33439,"58,115"
2020,YAMAHA,SOUL I 125,21088,"36,857"
2024,HONDA,ADV160,4509,"130,781"
2024,KAWASAKI,BARAKO 175 ELECTRIC,1722,"66,664"
2024,HONDA,BEAT (ACH110CBFR) ,2291,"50,351"
2024,HONDA,BEAT (ACH110CBFR4),4361,"52,968"
2024,HONDA,CLICK 125 (STANDARD) ,3291,"64,296"
2024,HONDA,CLICK 125 (STANDARD),713,"65,462"
2023,HONDA,CLICK 125i,15000,"57,795"
2024,HONDA,CLICK 125i,2399,"56,918"
2024,HONDA,CLICK 125i,9550,"57,954"
2023,HONDA,Click160,8775,"96,566"
2023,YAMAHA,MIO I 125,7566,"61,963"
2024,YAMAHA,MIO I 125,11328,"61,574"
2024,YAMAHA,MIO I 125,1587,"61,574"
2023,YAMAHA,MIO SPORTY,7405,"59,630"
2022,YAMAHA,MIO SPORTY,13113,"45,316"
2024,YAMAHA,Mio Aerox,10853,"86,018"
2023,YAMAHA,NMAX ABS,17357,"107,205"
2023,YAMAHA,NMAX ABS,8146,"107,205"
2024,SUZUKI,SMASH FI (SPOKES/DRUM),10399,"52,632"
2024,HONDA,TMX 125A,3283,"45,245"
2024,HONDA,TMX 125A,2960,"40,720"
2024,HONDA,TMX 125A,6031,"45,245"
2023,HONDA,WAVE RSX (DRUM),,"44,476"
2024,HONDA,WINNER X (ABS PREMIUM),5834,"102,010"
2023,HONDA,ADV160,22283,"114,978"
2023,SUZUKI,Avenis,13268,"38,444"
2023,SUZUKI,Avenis,1029,"27,639"
2023,HONDA,BEAT (ACH110CBFR),9855,"41,983"
2023,HONDA,BEAT FI,12363,"44,231"
2023,HONDA,BEAT FI,5738,"21,718"
2022,HONDA,BEAT FI,12259,"40,335"
2023,SUZUKI,BURGMAN STREET,14874,"25,629"
2024,SUZUKI,BURGMAN STREET,798,"32,477"
2023,SUZUKI,BURGMAN STREET 125 EX,13134,"65,565"
2024,HONDA,CLICK 125i,7115,"58,596"
2023,HONDA,CLICK 125i,17191,"65,074"
2024,HONDA,CLICK 125i,8846,"65,074"
2024,HONDA,Click160,4410,"96,566"
2022,YAMAHA,MIO GEAR,24464,"35,935"
2023,YAMAHA,MIO GEAR,13213,"38,444"
2023,YAMAHA,MIO GEAR S,20128,"39,020"
2023,YAMAHA,MIO GEAR S,17254,"49,287"
2022,YAMAHA,MIO I 125,23695,"32,922"
2024,YAMAHA,MIO I 125,3630,"55,417"
2023,YAMAHA,MIO I 125,6583,"39,366"
2024,YAMAHA,MIO I 125,9906,"44,615"
2022,YAMAHA,MIO I 125S,6546,"37,899"
2023,YAMAHA,MIO I 125S,7531,"66,629"
2023,YAMAHA,MIO SPORTY,9375,"26,251"
2023,BENELLI,MOTOBI EVO 200,12037,"71,077"
2024,YAMAHA,Mio Aerox,10915,"97,811"
2022,YAMAHA,Mio Gravis,36016,"40,363"
2022,YAMAHA,Mio Gravis,2751,"46,215"
2023,HONDA,RS 125 Fi,21136,"44,511"
2024,SUZUKI,SMASH 115 DRUM/SPOKES,8988,"40,542"
2023,YAMAHA,SNIPER155R,32310,"74,850"
2024,HONDA,TMX 125A,2416,"40,720"
2024,HONDA,TMX 125A,5435,"42,050"
2024,HONDA,TMX 125A,8916,"45,245"
2023,YAMAHA,YTX 125,8485,"31,318"
2023,FEKON,3GP 300,6131,"99,189"
2023,CFMOTO,400NK,5672,"140,686"
2024,CFMOTO,450SR,3643,"169,338"
2024,HONDA,ADV160,525,"130,781"
2023,HONDA,ADV160,10931,"129,226"
2023,SUZUKI,Avenis,19948,"33,354"
2023,SUZUKI,Avenis,29079,"33,354"
2023,SUZUKI,Avenis,8083,"37,436"
2023,SUZUKI,Avenis,,"33,354"
2022,SUZUKI,Avenis,11997,"37,436"
2023,SUZUKI,Avenis,10099,"56,467"
2023,SUZUKI,Avenis,21993,"50,293"
2023,SUZUKI,Avenis,7794,"33,354"
2023,SUZUKI,Avenis,1906,"62,741"
2023,SUZUKI,Avenis,6304,"46,020"
2023,SUZUKI,Avenis,26755,"37,436"
2023,SUZUKI,Avenis,12882,"45,458"
2024,SUZUKI,Avenis,3308,"46,020"
2023,SUZUKI,Avenis,13776,"40,110"
2023,SUZUKI,Avenis,15756,"33,473"
2023,SUZUKI,Avenis,2521,"37,436"
2023,SUZUKI,Avenis,15287,"33,354"
2023,SUZUKI,Avenis,36045,"55,881"
2022,KAWASAKI,BARAKO 175 ELECTRIC,5048,"44,511"
2021,KAWASAKI,BARAKO 175 ELECTRIC,11915,"36,686"
2020,KAWASAKI,BARAKO 175 KICK,,"28,980"
2023,HONDA,BEAT FI,5533,"56,131"
2023,HONDA,BEAT FI,7812,"50,518"
2022,HONDA,BEAT FI,27957,"44,383"
2022,HONDA,BEAT FI,21000,"35,757"
2023,HONDA,BEAT FI,28184,"34,124"
2022,HONDA,BEAT FI,20000,"35,757"
2022,HONDA,BEAT FI,27789,"28,419"
2023,HONDA,BEAT FI,22094,"29,858"
2023,HONDA,BEAT FI,9657,"31,991"
2022,HONDA,BEAT FI,25394,"29,447"
2022,HONDA,BEAT FI,17128,"29,858"
2020,HONDA,BEAT Fi ESP (Standard),33796,"30,497"
2023,SUZUKI,BURGMAN STREET,5591,"27,611"
2023,SUZUKI,BURGMAN STREET,18639,"32,096"
2023,SUZUKI,BURGMAN STREET,5615,"32,096"
2023,SUZUKI,BURGMAN STREET,6256,"32,096"
2022,SUZUKI,BURGMAN STREET,14963,"31,525"
2022,SUZUKI,BURGMAN STREET,7273,"32,096"
2023,SUZUKI,BURGMAN STREET,7758,"28,608"
2023,SUZUKI,BURGMAN STREET,8753,"32,096"
2022,SUZUKI,BURGMAN STREET,,"28,100"
2022,SUZUKI,BURGMAN STREET,28642,"33,149"
2022,SUZUKI,BURGMAN STREET,21731,"37,205"
2022,SUZUKI,BURGMAN STREET,18029,"38,130"
2022,SUZUKI,BURGMAN STREET,34860,"36,397"
2022,SUZUKI,BURGMAN STREET,17000,"37,058"
2022,SUZUKI,BURGMAN STREET,19070,"39,529"
2023,SUZUKI,BURGMAN STREET,44442,"39,529"
2022,SUZUKI,BURGMAN STREET,14675,"41,597"
2022,SUZUKI,BURGMAN STREET,34221,"35,075"
2023,SUZUKI,BURGMAN STREET,10066,"42,341"
2023,SUZUKI,BURGMAN STREET,13317,"58,566"
2023,SUZUKI,BURGMAN STREET,56263,"57,954"
2023,SUZUKI,BURGMAN STREET,19640,"57,954"
2023,SUZUKI,BURGMAN STREET,25245,"65,074"
2023,SUZUKI,BURGMAN STREET 125 EX,19514,"64,866"
2024,SUZUKI,BURGMAN STREET 125 EX,7690,"58,380"
2023,SUZUKI,BURGMAN STREET 125 EX,20716,"65,565"
2023,SUZUKI,BURGMAN STREET 125 EX,19056,"46,993"
2023,SUZUKI,BURGMAN STREET 125 EX,13342,"65,565"
2023,SUZUKI,BURGMAN STREET 125 EX,36447,"44,229"
2023,SUZUKI,BURGMAN STREET 125 EX,40116,"46,993"
2023,SUZUKI,BURGMAN STREET 125 EX,13691,"65,565"
2023,HONDA,CBR 150 R,15444,"84,697"
2023,HONDA,CBR150RK,,"56,928"
2024,HONDA,CLICK 125 (STANDARD),6256,"64,296"
2024,HONDA, CLICK 125 (STANDARD),4385,"57,866"
2022,HONDA,CLICK 125i,35951,"56,226"
2022,HONDA,CLICK 125i,7105,"56,226"
2023,HONDA,CLICK 125i,17302,"64,307"
2024,HONDA,CLICK 125i,6000,"57,954"
2023,HONDA,CLICK 125i,62903,"56,918"
2023,HONDA,CLICK 125i,15654,"63,907"
2023,HONDA,CLICK 125i,63265,"56,918"
2023,HONDA,CLICK 125i,28350,"56,918"
2023,HONDA,CLICK 125i,37190,"57,540"
2023,HONDA,CLICK 125i,18000,"56,918"
2022,HONDA,CLICK 125i,14001,"56,817"
2022,HONDA,CLICK 125i,38863,"49,360"
2023,HONDA,CLICK 125i,6553,"33,971"
2022,HONDA,CLICK 125i,69381,"33,560"
2022,HONDA,CLICK 125i,17000,"27,964"
2022,HONDA,CLICK 125i,12854,"28,712"
2023,HONDA,CLICK 125i,,"41,250"
2023,HONDA,CLICK 125i,30964,"57,516"
2023,HONDA,CLICK 125i,10952,"40,853"
2023,HONDA,CLICK 125i,34786,"51,226"
2018,HONDA,CLICK 150i,48054,"22,932"
2021,HONDA,CLICK 150i (ISS/CBS) ,35000,"41,374"
2019,HONDA,CLICK 150i (ISS/CBS) ,36054,"44,329"
2021,HONDA,CLICK 150i (ISS/CBS),37000,"47,284"
2021,KAWASAKI,CT 125,6067,"17,939"
2022,KAWASAKI,CT125 w/ MCP,21929,"35,549"
2023,HONDA,Click160,13000,"86,985"
2022,TVS,DAZZ 110 PRIME,6801,"15,212"
2023,TVS,DAZZ 110 PRIME,10145,"16,080"
2023,TVS,DAZZ 110 PRIME,10762,"20,292"
2022,TVS,DAZZ 110 STD,5829,"15,091"
2022,HONDA,DIO,42191,"23,523"
2024,HONDA,DIO,5044,"33,795"
2022,HONDA,DIO,9709,"30,129"
2022,HONDA,DIO,,"25,581"
2022,HONDA,DIO,12269,"23,523"
2023,HONDA,DIO,51166,"39,717"
2022,HONDA,DIO,13705,"23,523"
2023,HONDA,DIO,10342,"39,717"
2024,HONDA,DIO,3973,"44,569"
2023,HONDA,DIO,3553,"21,158"
2022,HONDA,DIO,16365,"20,262"
2022,HONDA,DIO,16461,"18,089"
2023,PEUGEOT,DJANGGO 150 - Two Tone,10291,"83,306"
2023,KYMCO,DOWNTOWN 350i TCS,13785,"107,217"
2019,KTM,DUKE 200,18863,"49,689"
2023,KTM,DUKE 200,,"75,759"
2023,KAWASAKI,Dominar400 UG,,"94,756"
2024,FEKON,FYRO 175,5000,"40,319"
2023,SUZUKI,GIXXER 150,15759,"57,537"
2023,SUZUKI,GIXXER 150,10281,"71,513"
2023,SUZUKI,GIXXER 150,8937,"51,759"
2023,SUZUKI,GIXXER 150,11000,"45,210"
2022,SUZUKI,GIXXER 150,26804,"42,346"
2024,SUZUKI,GIXXER 150,6691,"58,660"
2023,SUZUKI,GIXXER 150,18831,"79,459"
2022,SUZUKI,GIXXER 150,29000,"47,992"
2022,SUZUKI,GSX - S150,,"63,735"
2023,SUZUKI,GSX - S150,11257,"62,652"
2022,SUZUKI,GSX - S150,10932,"73,830"
2021,HONDA,Genio,24854,"48,589"
2021,SUZUKI,Gixxer Fi,40000,"59,313"
2024,SKYGO,KPV 150,4489,"77,742"
2023,SKYGO,KPV 150,4481,"37,888"
2024,SKYGO,KPV 150,847,"77,742"
2024,KYMCO,KRV 180i TCS,3000,"78,799"
2023,KYMCO,KRV 180i TCS,2086,"107,539"
2023,KYMCO,KRV 180i TCS,15000,"84,427"
2023,KYMCO,KRV MOTO 180,3588,"76,866"
2020,KYMCO,Like 150I,18900,"50,273"
2023,BAJAJ,MAXIMA CARGO,30189,"106,971"
2022,YAMAHA,MIO AEROX S,8945,"113,752"
2021,YAMAHA,MIO AEROX S,96617,"83,574"
2023,YAMAHA,MIO FAZZIO,3863,"74,016"
2023,YAMAHA,MIO GEAR,25898,"50,293"
2023,YAMAHA,MIO GEAR,12948,"56,467"
2023,YAMAHA,MIO GEAR,14469,"63,141"
2023,YAMAHA,MIO GEAR,5518,"62,741"
2023,YAMAHA,MIO GEAR,6968,"33,354"
2022,YAMAHA,MIO GEAR,14083,"32,532"
2022,YAMAHA,MIO GEAR,21994,"37,179"
2023,YAMAHA,MIO GEAR,22580,"33,354"
2023,YAMAHA,MIO GEAR,25385,"38,119"
2023,YAMAHA,MIO GEAR,,"42,784"
2024,YAMAHA,MIO GEAR,,"50,293"
2022,YAMAHA,MIO GEAR,,"37,179"
2022,YAMAHA,MIO GEAR,31071,"39,503"
2022,YAMAHA,MIO GEAR S,13442,"35,957"
2022,YAMAHA,MIO GEAR S,61548,"38,354"
2023,YAMAHA,MIO GEAR S,,"55,269"
2023,YAMAHA,MIO GEAR S,25975,"37,940"
2023,YAMAHA,MIO GEAR S,11111,"53,403"
2023,YAMAHA,MIO GEAR S,16099,"59,966"
2022,YAMAHA,MIO GEAR S,24192,"35,957"
2022,YAMAHA,MIO GEAR S,17136,"42,000"
2022,YAMAHA,MIO GEAR S (BJN3) ,,"52,159"
2022,YAMAHA,MIO GEAR S (BJN3),16033,"52,159"
2023,YAMAHA,MIO I 125,7364,"54,844"
2024,YAMAHA,MIO I 125,16335,"61,974"
2022,YAMAHA,MIO I 125,32644,"38,753"
2022,YAMAHA,MIO I 125,,"38,753"
2023,YAMAHA,MIO I 125,,"37,414"
2022,YAMAHA,MIO I 125,,"36,474"
2023,YAMAHA,MIO I 125,27907,"37,414"
2023,YAMAHA,MIO I 125,2512,"56,497"
2024,YAMAHA,MIO I 125,30263,"49,360"
2023,YAMAHA,MIO I 125,17647,"39,752"
2023,YAMAHA,MIO I 125,16881,"37,414"
2021,YAMAHA,MIO I 125,19212,"34,829"
2022,YAMAHA,MIO I 125,19209,"36,474"
2022,YAMAHA,MIO I 125,,"36,474"
2023,YAMAHA,MIO I 125,,"39,752"
2023,YAMAHA,MIO I 125,21480,"39,752"
2022,YAMAHA,MIO I 125,,"34,194"
2023,YAMAHA,MIO I 125,9901,"35,075"
2023,YAMAHA,MIO I 125,,"37,414"
2024,YAMAHA,MIO I 125,8427,"37,414"
2023,YAMAHA,MIO I 125,15464,"39,752"
2023,YAMAHA,MIO I 125,30180,"49,360"
2022,YAMAHA,MIO I 125,,"25,221"
2023,YAMAHA,MIO I 125,9046,"27,083"
2022,YAMAHA,MIO I 125,21621,"36,474"
2023,YAMAHA,MIO I 125,23718,"32,737"
2023,YAMAHA,MIO I 125,52920,"32,737"
2022,YAMAHA,MIO I 125,26376,"31,914"
2019,YAMAHA,MIO I 125 (BB36),,"22,468"
2021,YAMAHA,MIO I 125 (BB36),21741,"23,532"
2020,YAMAHA,MIO I 125 (BB36),,"22,580"
2021,YAMAHA,MIO I 125 (BB36),32641,"45,938"
2021,YAMAHA,MIO I 125 (BB36),26928,"34,829"
2021,YAMAHA,MIO I 125 (BB36),21784,"25,052"
2022,YAMAHA,MIO I 125S,16437,"26,406"
2021,YAMAHA,MIO I 125S,19463,"26,406"
2023,YAMAHA,MIO I 125S,27495,"28,882"
2022,YAMAHA,MIO I 125S,25856,"50,915"
2022,YAMAHA,MIO I 125S,30165,"33,765"
2022,YAMAHA,MIO I 125S,31763,"27,930"
2021,YAMAHA,MIO I 125S,38400,"32,737"
2021,YAMAHA,MIO I 125S,30066,"35,075"
2022,YAMAHA,MIO I 125S,17489,"32,737"
2021,YAMAHA,MIO I 125S (B6B3),43374,"34,194"
2021,YAMAHA, MIO I 125S (B6B3),58212,"34,194"
2022,YAMAHA,MIO SOUL I 125S,15832,"32,668"
2021,YAMAHA,MIO SOUL I 125S,24980,"36,027"
2022,YAMAHA,MIO SOUL I 125S,7224,"33,430"
2022,YAMAHA,MIO SOUL I 125S,13142,"40,234"
2023,YAMAHA,MIO SPORTY,,"37,755"
2022,YAMAHA,MIO SPORTY,8433,"32,212"
2021,YAMAHA,MIO SPORTY,27808,"31,550"
2022,YAMAHA,MIO SPORTY,,"50,351"
2022,YAMAHA,MIO SPORTY,29093,"49,314"
2022,YAMAHA,MIO SPORTY,8436,"24,882"
2023,YAMAHA,MIO SPORTY,19459,"25,729"
2023,YAMAHA,MIO SPORTY,,"33,974"
2023,YAMAHA,MIO SPORTY,,"22,153"
2023,YAMAHA,MIO SPORTY,3045,"22,153"
2022,YAMAHA,MIO SPORTY,20981,"24,882"
2023,YAMAHA,MIO SPORTY,8137,"25,729"
2023,YAMAHA,MIO SPORTY,,"25,729"
2022,BENELLI,MOTOBI EVO 200,20958,"36,988"
2023,BENELLI,MOTOBI EVO 200,15000,"52,108"
2023,BENELLI,MOTOBI EVO 200,11000,"43,036"
2023,BENELLI,MOTOBI EVO 200,9537,"41,269"
2023,BENELLI,MOTOBI EVO 200,11442,"46,530"
2022,BENELLI,MOTOBI EVO 200,1651,"59,552"
2023,BENELLI,MOTOBI EVO 200,5818,"87,400"
2024,FEKON,MTX 150,527,"66,132"
2023,YAMAHA,Mio Aerox,16674,"87,680"
2024,YAMAHA,Mio Aerox,6288,"97,045"
2022,YAMAHA,Mio Aerox,14000,"75,487"
2024,YAMAHA,Mio Aerox,9353,"98,978"
2022,YAMAHA,Mio Gravis,20000,"45,745"
2021,YAMAHA,Mio Gravis,31000,"42,114"
2021,YAMAHA,Mio Gravis,14517,"29,793"
2022,YAMAHA,Mio Gravis,19036,"45,745"
2022,YAMAHA,Mio Gravis,31948,"43,054"
2022,YAMAHA,Mio Gravis,22956,"31,148"
2021,YAMAHA,Mio Gravis,36000,"36,850"
2021,YAMAHA,Mio Gravis,12207,"33,430"
2019,YAMAHA,Mio Sporty (40C8/40C9,41103,"30,669"
2021,YAMAHA,Mio Sporty (40C8/40C10,13670,"43,139"
2021,YAMAHA,Mio Sporty (40C8/40C11,19103,"32,714"
2020,YAMAHA,Mio Sporty (40C8/40C12,44911,"30,669"
2021,YAMAHA,Mio Sporty (40C8/40C13,31652,"34,758"
2021,TVS,NEO NX 110,20655,"15,094"
2023,YAMAHA,NMAX ABS,7087,"119,517"
2023,YAMAHA,NMAX ABS,22742,"117,640"
2022,YAMAHA,NMAX ABS,58083,"104,680"
2024,YAMAHA,NMAX ABS (w/ Y-Connect),4669,"108,605"
2023,BENELLI,PANAREA,31194,"42,611"
2023,BENELLI,PANAREA,17000,"59,998"
2023,BENELLI,PANAREA,4238,"36,897"
2023,BENELLI,PANAREA,10866,"54,223"
2020,HONDA,PCX150,24948,"63,735"
2021,HONDA,PCX150,52684,"84,196"
2023,HONDA,PCX160 (ABS),20953,"77,157"
2023,HONDA,PCX160 (ABS),12242,"105,805"
2022,HONDA,PCX160 (ABS) ,52570,"103,006"
2022,HONDA,PCX160 (ABS) ,28674,"119,584"
2023,HONDA, PCX160 (CBS),10000,"63,500"
2023,HONDA, PCX160 (CBS),16000,"84,196"
2023,HONDA, PCX160 (CBS),40668,"84,196"
2023,HONDA, PCX160 (CBS),25069,"94,608"
2021,HONDA, PCX160 (CBS),42250,"74,865"
2023,HONDA, PCX160 (CBS),7848,"105,120"
2022,HONDA, PCX160 (CBS),56580,"80,464"
2023,SUZUKI,RAIDER J CROSSOVER,1991,"32,714"
2023,FEKON,REV-X 125,3135,"27,752"
2021,BENELLI,RFS 150i,24313,"22,448"
2022,KAWASAKI,ROUSER NS125,29158,"19,570"
2022,KAWASAKI,ROUSER NS125 Fi,4343,"20,537"
2022,KAWASAKI,ROUSER NS125 Fi,24002,"16,425"
2021,KAWASAKI,ROUSER NS125 Fi,33809,"18,989"
2022,KAWASAKI,ROUSER NS125 Fi,39623,"47,991"
2023,KAWASAKI,ROUSER NS125 Fi,4029,"27,480"
2023,KAWASAKI,ROUSER NS125 Fi,3455,"58,287"
2023,KAWASAKI,ROUSER NS125 Fi,8947,"58,287"
2022,KAWASAKI,ROUSER NS125 Fi,36518,"21,224"
2023,KAWASAKI,ROUSER NS200 ABS,3645,"50,156"
2023,KAWASAKI,ROUSER NS200 ABS,4980,"43,091"
2023,KAWASAKI,ROUSER NS200 ABS,4501,"43,091"
2022,KAWASAKI,ROUSER NS200 ABS,23911,"67,583"
2022,KAWASAKI,ROUSER NS200 ABS,9208,"59,135"
2023,HONDA,RS 125 Fi,16231,"31,914"
2021,SUZUKI,Raider R 150 Carburetor,22079,"40,962"
2023,SUZUKI,Raider R 150 Carburetor,16721,"44,047"
2022,SUZUKI,Raider R 150 Carburetor,14107,"42,608"
2023,SUZUKI,Raider R 150 Carburetor,22451,"36,906"
2023,SUZUKI,Raider R 150 Carburetor,6419,"35,889"
2023,SUZUKI,Raider R 150 Carburetor,44885,"46,532"
2023,SUZUKI,Raider R 150 Carburetor,8512,"53,485"
2022,SUZUKI,Raider R 150 Carburetor,24802,"49,635"
2024,SUZUKI,Raider R 150 Carburetor,6330,"84,125"
2022,SUZUKI,Raider R 150 Carburetor,23438,"33,857"
2024,SUZUKI,Raider R 150 Carburetor,6943,"67,400"
2021,SUZUKI,Raider R 150 Carburetor,,"61,801"
2023,SUZUKI,Raider R 150 Carburetor,29655,"36,397"
2022,SUZUKI,Raider R 150 Fi,9178,"79,911"
2024,SUZUKI,Raider R 150 Fi,1443,"68,211"
2023,KAWASAKI,Rouser 200 NS Fi,12251,"52,786"
2023,KAWASAKI,Rouser NS160,19000,"70,050"
2023,KAWASAKI,Rouser NS160,18810,"29,701"
2021,YAMAHA,SIGHT (SPOKE),34719,"20,987"
2021,SUZUKI,SKYDRIVE CROSSOVER,34245,"33,654"
2022,SUZUKI,SKYDRIVE CROSSOVER,31932,"41,244"
2022,SUZUKI,SKYDRIVE CROSSOVER,17831,"30,270"
2022,SUZUKI,SMASH 115 DISC/MAGS,,"28,907"
2023,SUZUKI,SMASH 115 DISC/MAGS,6285,"34,509"
2023,SUZUKI,SMASH 115 DRUM/SPOKES,13113,"29,659"
2023,SUZUKI,SMASH 115 DRUM/SPOKES,40079,"38,473"
2024,SUZUKI,SMASH FI (MAGS/DISC),106,"40,963"
2022,YAMAHA,SNIPER155,29664,"90,346"
2022,YAMAHA,SNIPER155,52727,"86,639"
2022,YAMAHA,SNIPER155,31636,"71,711"
2023,YAMAHA,SNIPER155R,19612,"102,410"
2022,YAMAHA,SOUL I 125,14468,"30,991"
2021,YAMAHA,SOUL I 125,,"37,101"
2022,YAMAHA,SOUL I 125,,"50,604"
2022,YAMAHA,SOUL I 125,,"27,761"
2019,YAMAHA,SOUL I 125,45390,"38,354"
2023,YAMAHA,SZ (BE91),19301,"36,004"
2022,YAMAHA, SZ (BE92/BE93) ,,"17,610"
2022,YAMAHA,SZ (BE92/BE93),8327,"20,992"
2021,YAMAHA, SZ (BE92/BE93),3276,"19,724"
2021,SUZUKI,Skydrive Sport,20766,"32,714"
2021,SUZUKI,Skydrive Sport,55170,"23,696"
2022,SUZUKI,Skydrive Sport,,"30,669"
2022,KYMCO,Super Z 150i 8 series,,"26,257"
2021,HONDA,Supra GTR 150,61490,"52,237"
2023,HONDA,Supra GTR 150,14974,"54,235"
2022,HONDA,TMX 125A,34049,"29,265"
2023,HONDA,TMX 125A,,"19,971"
2023,HONDA,TMX 125A,19390,"14,465"
2023,HONDA,TMX 125A,22179,"26,087"
2023,HONDA,TMX 125A,20779,"40,329"
2023,HONDA,TMX SUPREMO (TMXS2J),20606,"40,002"
2023,TVS,TVS King,,"95,684"
2023,TVS,TVS King,,"94,887"
2022,TVS,TVS King,,"55,829"
2023,TVS,TVS King ,5896,"70,389"
2022,TVS,TVS NTORQ 125 FI (STD) ,32212,"25,052"
2023,TVS,TVS NTORQ 125 FI (STD) ,10000,"25,052"
2024,TVS,TVS NTORQ 125 FI (STD) ,6720,"51,218"
2023,TVS,TVS NTORQ 125 FI (STD) ,4573,"24,182"
2022,TVS,TVS NTORQ 125 FI (STD) ,9218,"24,182"
2022,TVS,TVS NTORQ 125 FI (STD) ,20527,"22,172"
2023,TVS,TVS NTORQ 125 FI (STD) ,9359,"41,244"
2023,TVS,TVS NTORQ 125 FI (STD) ,659,"28,095"
2023,FEKON,VICTORINO 250i,2343,"79,754"
2020,KAWASAKI,W 175,16395,"58,033"
2022,KAWASAKI,W 175,25946,"44,729"
2020,HONDA,WAVE 110R,5853,"27,834"
2024,HONDA,WAVE RSX (DRUM),15991,"44,919"
2023,TVS,XL 100 PREMIUM,1039,"24,844"
2023,TVS,XL 100 PREMIUM,870,"14,794"
2022,HONDA,XR 150L,17215,"58,691"
2022,YAMAHA,XSR 155,23361,"95,796"
2022,YAMAHA,XSR 155,25176,"123,372"
2022,YAMAHA,XSR 155,21000,"83,053"
2023,YAMAHA,XSR 155,22154,"77,862"
2021,YAMAHA,XSR 155,13901,"75,653"
2022,KYMCO,XTOWN CT 300i NOODOE,12982,"106,651"
2022,YAMAHA,XTZ 125,,"39,085"
2024,YAMAHA,XTZ 125,1051,"64,865"
2023,YAMAHA,YTX 125,12245,"35,674"
2023,YAMAHA,YTX 125,,"19,632"
2022,YAMAHA,YTX 125,,"27,267"
2023,YAMAHA,YTX 125,29407,"36,607"
2022,YAMAHA,YTX 125,5438,"18,616"
2023,YAMAHA,YTX 125,28314,"28,765"
2022,YAMAHA,YTX 125,,"27,267"
2021,YAMAHA,YTX 125,16227,"12,771"
2024,YAMAHA,YZF-R15M (ICON PERFORMANCE),,"142,968"
2023,YAMAHA,YZF-R15M (ICON PERFORMANCE),13902,"137,490"
2021,HONDA,ADV150,18142,"81,250"
2024,KAWASAKI,BARAKO III DUAL START,5013,"59,080"
2024,HONDA,BEAT (ACH110CBFR3),4557,"53,296"
2022,HONDA,BEAT FI,24657,"22,102"
2023,SUZUKI,BURGMAN STREET 125 EX,12037,"54,529"
2024,HONDA,CLICK 125 (SPECIAL EDITION),10016,"68,160"
2024,HONDA,CLICK 125 (STANDARD),11227,"64,296"
2023,HONDA,CLICK 125i,14929,"43,018"
2023,HONDA,CLICK 125i,47049,"53,514"
2023,HONDA,CLICK 125i,11707,"52,954"
2024,HONDA,CLICK 125i,11015,"58,146"
2024,HONDA,CLICK 125i,8159,"57,516"
2023,HONDA,CLICK 125i,22956,"59,244"
2023,HONDA,CLICK 125i,12684,"65,074"
2023,HONDA,CLICK 125i,18609,"65,074"
2023,HONDA,CLICK 125i,12388,"59,244"
2023,HONDA,CLICK 125i,17923,"57,516"
2023,HONDA,CLICK 125i,11491,"60,294"
2023,HONDA,CLICK 125i,9621,"58,566"
2023,HONDA,CLICK 125i,9643,"59,244"
2022,HONDA,CLICK 125i,34739,"56,226"
2021,HONDA,CLICK 125i-STD (CBS),47614,"54,568"
2023,KAWASAKI,CT 125,8921,"37,571"
2024,HONDA,Click160,8547,"88,638"
2023,HONDA,Click160,15457,"69,897"
2022,SUZUKI,GSX - S150,9271,"64,119"
2023,KYMCO,KRV MOTO 180,13650,"101,404"
2023,YAMAHA,MIO I 125,38988,"36,697"
2022,YAMAHA,Mio Gravis,8968,"50,000"
2022,YAMAHA,NMAX ABS,23813,"73,012"
2023,HONDA,PCX160 (ABS) ,5597,"87,594"
2023,HONDA,PCX160 (ABS),28880,"93,246"
2023,SUZUKI,Raider R 150 Fi,18000,"74,243"
2021,SUZUKI,SKYDRIVE CROSSOVER,31533,"35,302"
2024,SUZUKI,SMASH 115 DISC/MAGS,13941,"35,714"
2023,YAMAHA,SNIPER155,30880,"64,357"
2024,YAMAHA,SNIPER155,4478,"89,338"
2023,YAMAHA,SNIPER155,12313,"72,227"
2024,HONDA,TMX SUPREMO (TMXS2J),1862,"43,313"
2021,HONDA,XR 150L,15667,"50,529"
2022,HONDA,XRM 125 DUAL SPORT Fi,26826,"47,977"
2020,YAMAHA,XSR 155,11839,"83,769"
2023,YAMAHA,YTX 125,8537,"42,470"
2023,YAMAHA,YTX 125,14902,"41,420"
2023,YAMAHA,YTX 125,3483,"28,765"
2023,YAMAHA,YTX 125,9074,"27,312"
2022,YAMAHA,YTX 125,,"31,941"
2023,YAMAHA,YZF-R3,2597,"184,258"
2023,HONDA,AIR BLADE160,7544,"100,066"
2024,HONDA,CLICK 125i,15774,"70,284"
2023,TVS,TVS King,12294,"122,143"
2023,HONDA,XRM 125 MOTARD Fi,14121,"45,851"
2024,HONDA,BEAT (ACH110CBFR3),12126,"57,298"
2023,HONDA,BEAT FI,14724,"28,610"
2024,SUZUKI,BURGMAN STREET 125 EX,8427,"54,652"
2023,SUZUKI,BURGMAN STREET 125 EX,12213,"44,346"
2023,SUZUKI,BURGMAN STREET 125 EX,7473,"53,849"
2024,HONDA,CLICK 125 (SPECIAL EDITION) ,7813,"66,240"
2024,HONDA,CLICK 125 (SPECIAL EDITION),6509,"66,240"
2024,HONDA,CLICK 125 (STANDARD),10395,"52,689"
2024,HONDA,CLICK 125 (STANDARD),16447,"64,296"
2024,HONDA,CLICK 125i,5108,"56,918"
2023,HONDA,CLICK 125i,25762,"58,668"
2022,HONDA,CLICK 125i,16593,"46,827"
2024,HONDA,CLICK 125i,4361,"58,668"
2023,HONDA,CLICK 125i,18642,"57,263"
2023,HONDA,CLICK 125i,28180,"52,159"
2023,HONDA,CLICK 125i,23966,"58,668"
2022,HONDA,CLICK 125i,10752,"43,330"
2024,HONDA,CLICK 125i,3428,"57,516"
2023,HONDA,CLICK 125i,33309,"52,016"
2022,KAWASAKI,Dominar400 UG,17644,"113,683"
2023,YAMAHA,MIO FAZZIO,12966,"54,130"
2023,YAMAHA,MIO GEAR,6394,"46,546"
2023,YAMAHA,MIO I 125,16257,"45,703"
2024,YAMAHA,MIO I 125,7185,"55,417"
2024,YAMAHA,MIO I 125S,5126,"60,068"
2024,YAMAHA,Mio Aerox,5343,"77,416"
2023,HONDA,PCX160 (ABS),19324,"108,357"
2023,SUZUKI,SKYDRIVE CROSSOVER,7864,"39,347"
2024,HONDA,TMX 125A,16837,"41,872"
2024,HONDA,WINNER X (ABS RACING),4465,"94,360"
2023,CFMOTO,400NK,6862,"133,370"
2024,HONDA,CLICK 125 (STANDARD),3735,"65,774"
2024,HONDA,Click160,14760,"70,917"
2024,YAMAHA,MIO GEAR S,5149,"66,629"
2023,YAMAHA,MIO I 125,16573,"42,526"
2021,YAMAHA,Mio Gravis,26155,"60,374"
2024,YAMAHA,NMAX ABS (w/ Y-Connect),11945,"108,605"
2024,SUZUKI,Raider R 150 Fi,4825,"94,390"
2024,SUZUKI,Raider R 150 Fi,4074,"84,810"
2024,YAMAHA,SNIPER155,10955,"77,975"
